,Code,Name
0,45001,Abbeville County
1,22001,Acadia Parish
2,51001,Accomack County
3,16001,Ada County
4,40001,Adair County
5,19001,Adair County
6,29001,Adair County
7,21001,Adair County
8,53001,Adams County
9,18001,Adams County
10,38001,Adams County
11,39001,Adams County
12,17001,Adams County
13,8001,Adams County
14,16003,Adams County
15,19003,Adams County
16,55001,Adams County
17,42001,Adams County
18,31001,Adams County
19,28001,Adams County
20,50001,Addison County
21,45003,Aiken County
22,27001,Aitkin County
23,12001,Alachua County
24,37001,Alamance County
25,6001,Alameda County
26,8003,Alamosa County
27,56001,Albany County
28,36001,Albany County
29,51003,Albemarle County
30,26001,Alcona County
31,28003,Alcorn County
32,2013,Aleutians East Borough
33,2016,Aleutians West CA
34,17003,Alexander County
35,37003,Alexander County
36,51510,Alexandria city
37,40003,Alfalfa County
38,26003,Alger County
39,19005,Allamakee County
40,26005,Allegan County
41,36003,Allegany County
42,24001,Allegany County
43,51005,Alleghany County
44,37005,Alleghany County
45,42003,Allegheny County
46,39003,Allen County
47,18003,Allen County
48,21003,Allen County
49,22003,Allen Parish
50,20001,Allen County
51,45005,Allendale County
52,26007,Alpena County
53,6003,Alpine County
54,6005,Amador County
55,51007,Amelia County
56,51009,Amherst County
57,28005,Amite County
58,2020,Anchorage Muny
59,20003,Anderson County
60,48001,Anderson County
61,45007,Anderson County
62,47001,Anderson County
63,21005,Anderson County
64,29003,Andrew County
65,48003,Andrews County
66,23001,Androscoggin County
67,48005,Angelina County
68,24003,Anne Arundel County
69,27003,Anoka County
70,37007,Anson County
71,31003,Antelope County
72,26009,Antrim County
73,4001,Apache County
74,19007,Appanoose County
75,13001,Appling County
76,51011,Appomattox County
77,48007,Aransas County
78,8005,Arapahoe County
79,48009,Archer County
80,8007,Archuleta County
81,26011,Arenac County
82,5001,Arkansas County
83,51013,Arlington County
84,48011,Armstrong County
85,42005,Armstrong County
86,23003,Aroostook County
87,31005,Arthur County
88,22005,Ascension Parish
89,37009,Ashe County
90,55003,Ashland County
91,39005,Ashland County
92,5003,Ashley County
93,39007,Ashtabula County
94,53003,Asotin County
95,22007,Assumption Parish
96,48013,Atascosa County
97,29005,Atchison County
98,20005,Atchison County
99,39009,Athens County
100,13003,Atkinson County
101,34001,Atlantic County
102,40005,Atoka County
103,28007,Attala County
104,29007,Audrain County
105,19009,Audubon County
106,39011,Auglaize County
107,51015,Augusta County
108,46003,Aurora County
109,48015,Austin County
110,1001,Autauga County
111,37011,Avery County
112,22009,Avoyelles Parish
113,8009,Baca County
114,13005,Bacon County
115,48017,Bailey County
116,13007,Baker County
117,41001,Baker County
118,12003,Baker County
119,1003,Baldwin County
120,13009,Baldwin County
121,21007,Ballard County
122,24510,Baltimore city
123,24005,Baltimore County
124,45009,Bamberg County
125,48019,Bandera County
126,13011,Banks County
127,31007,Banner County
128,16005,Bannock County
129,26013,Baraga County
130,20007,Barber County
131,1005,Barbour County
132,54001,Barbour County
133,38003,Barnes County
134,25001,Barnstable County
135,45011,Barnwell County
136,21009,Barren County
137,55005,Barron County
138,13013,Barrow County
139,26015,Barry County
140,29009,Barry County
141,18005,Bartholomew County
142,20009,Barton County
143,29011,Barton County
144,13015,Bartow County
145,48021,Bastrop County
146,29013,Bates County
147,51017,Bath County
148,21011,Bath County
149,5005,Baxter County
150,12005,Bay County
151,26017,Bay County
152,55007,Bayfield County
153,48023,Baylor County
154,46005,Beadle County
155,16007,Bear Lake County
156,45013,Beaufort County
157,37013,Beaufort County
158,22011,Beauregard Parish
159,42007,Beaver County
160,49001,Beaver County
161,40007,Beaver County
162,30001,Beaverhead County
163,27005,Becker County
164,40009,Beckham County
165,51515,Bedford city
166,42009,Bedford County
167,47003,Bedford County
168,51019,Bedford County
169,48025,Bee County
170,33001,Belknap County
171,48027,Bell County
172,21013,Bell County
173,39013,Belmont County
174,27007,Beltrami County
175,13017,Ben Hill County
176,16009,Benewah County
177,46007,Bennett County
178,50003,Bennington County
179,38005,Benson County
180,8011,Bent County
181,28009,Benton County
182,27009,Benton County
183,53005,Benton County
184,19011,Benton County
185,5007,Benton County
186,29015,Benton County
187,18007,Benton County
188,41003,Benton County
189,47005,Benton County
190,26019,Benzie County
191,34003,Bergen County
192,45015,Berkeley County
193,54003,Berkeley County
194,42011,Berks County
195,25003,Berkshire County
196,35001,Bernalillo County
197,13019,Berrien County
198,26021,Berrien County
199,37015,Bertie County
200,2050,Bethel CA
201,48029,Bexar County
202,13021,Bibb County
203,1007,Bibb County
204,22013,Bienville Parish
205,30003,Big Horn County
206,56003,Big Horn County
207,27011,Big Stone County
208,38007,Billings County
209,16011,Bingham County
210,19013,Black Hawk County
211,18009,Blackford County
212,37017,Bladen County
213,16013,Blaine County
214,40011,Blaine County
215,31009,Blaine County
216,30005,Blaine County
217,42013,Blair County
218,48031,Blanco County
219,51021,Bland County
220,13023,Bleckley County
221,47007,Bledsoe County
222,1009,Blount County
223,47009,Blount County
224,27013,Blue Earth County
225,16015,Boise County
226,28011,Bolivar County
227,29017,Bollinger County
228,46009,Bon Homme County
229,17005,Bond County
230,16017,Bonner County
231,16019,Bonneville County
232,54005,Boone County
233,21015,Boone County
234,19015,Boone County
235,31011,Boone County
236,5009,Boone County
237,18011,Boone County
238,17007,Boone County
239,29019,Boone County
240,48033,Borden County
241,48035,Bosque County
242,22015,Bossier Parish
243,51023,Botetourt County
244,38009,Bottineau County
245,8013,Boulder County
246,16021,Boundary County
247,20011,Bourbon County
248,21017,Bourbon County
249,48037,Bowie County
250,38011,Bowman County
251,31013,Box Butte County
252,49003,Box Elder County
253,21019,Boyd County
254,31015,Boyd County
255,21021,Boyle County
256,21023,Bracken County
257,12007,Bradford County
258,42015,Bradford County
259,5011,Bradley County
260,47011,Bradley County
261,26023,Branch County
262,13025,Brantley County
263,54007,Braxton County
264,48039,Brazoria County
265,48041,Brazos County
266,21025,Breathitt County
267,21027,Breckinridge County
268,19017,Bremer County
269,12009,Brevard County
270,48043,Brewster County
271,48045,Briscoe County
272,44001,Bristol County
273,51520,Bristol city
274,25005,Bristol County
275,2060,Bristol Bay Borough
276,30007,Broadwater County
277,36005,Bronx County
278,54009,Brooke County
279,46011,Brookings County
280,13027,Brooks County
281,48047,Brooks County
282,36007,Broome County
283,12011,Broward County
284,39015,Brown County
285,31017,Brown County
286,17009,Brown County
287,27015,Brown County
288,48049,Brown County
289,55009,Brown County
290,18013,Brown County
291,46013,Brown County
292,20013,Brown County
293,46015,Brule County
294,51025,Brunswick County
295,37019,Brunswick County
296,13029,Bryan County
297,40013,Bryan County
298,51027,Buchanan County
299,19019,Buchanan County
300,29021,Buchanan County
301,51029,Buckingham County
302,42017,Bucks County
303,19021,Buena Vista County
304,51530,Buena Vista city
305,55011,Buffalo County
306,46017,Buffalo County
307,31019,Buffalo County
308,21029,Bullitt County
309,13031,Bulloch County
310,1011,Bullock County
311,37021,Buncombe County
312,17011,Bureau County
313,38013,Burke County
314,13033,Burke County
315,37023,Burke County
316,38015,Burleigh County
317,48051,Burleson County
318,34005,Burlington County
319,48053,Burnet County
320,55013,Burnett County
321,31021,Burt County
322,42019,Butler County
323,31023,Butler County
324,29023,Butler County
325,21031,Butler County
326,39017,Butler County
327,20015,Butler County
328,1013,Butler County
329,19023,Butler County
330,16023,Butte County
331,46019,Butte County
332,6007,Butte County
333,13035,Butts County
334,37025,Cabarrus County
335,54011,Cabell County
336,49005,Cache County
337,22017,Caddo Parish
338,40015,Caddo County
339,6009,Calaveras County
340,22019,Calcasieu Parish
341,37027,Caldwell County
342,21033,Caldwell County
343,22021,Caldwell Parish
344,48055,Caldwell County
345,29025,Caldwell County
346,50005,Caledonia County
347,48057,Calhoun County
348,5013,Calhoun County
349,45017,Calhoun County
350,13037,Calhoun County
351,28013,Calhoun County
352,1015,Calhoun County
353,26025,Calhoun County
354,17013,Calhoun County
355,19025,Calhoun County
356,54013,Calhoun County
357,12013,Calhoun County
358,48059,Callahan County
359,29027,Callaway County
360,21035,Calloway County
361,55015,Calumet County
362,24009,Calvert County
363,16025,Camas County
364,42021,Cambria County
365,34007,Camden County
366,37029,Camden County
367,29029,Camden County
368,13039,Camden County
369,42023,Cameron County
370,22023,Cameron Parish
371,48061,Cameron County
372,48063,Camp County
373,47013,Campbell County
374,56005,Campbell County
375,46021,Campbell County
376,21037,Campbell County
377,51031,Campbell County
378,40017,Canadian County
379,13043,Candler County
380,47015,Cannon County
381,16027,Canyon County
382,29031,Cape Girardeau County
383,34009,Cape May County
384,42025,Carbon County
385,56007,Carbon County
386,49007,Carbon County
387,30009,Carbon County
388,16029,Caribou County
389,21039,Carlisle County
390,27017,Carlton County
391,24011,Caroline County
392,51033,Caroline County
393,17015,Carroll County
394,33003,Carroll County
395,47017,Carroll County
396,5015,Carroll County
397,21041,Carroll County
398,39019,Carroll County
399,19027,Carroll County
400,24013,Carroll County
401,29033,Carroll County
402,51035,Carroll County
403,13045,Carroll County
404,18015,Carroll County
405,28015,Carroll County
406,48065,Carson County
407,32510,Carson City
408,47019,Carter County
409,29035,Carter County
410,30011,Carter County
411,40019,Carter County
412,21043,Carter County
413,37031,Carteret County
414,27019,Carver County
415,30013,Cascade County
416,21045,Casey County
417,31025,Cass County
418,26027,Cass County
419,19029,Cass County
420,27021,Cass County
421,29037,Cass County
422,17017,Cass County
423,18017,Cass County
424,38017,Cass County
425,48067,Cass County
426,16031,Cassia County
427,48069,Castro County
428,37033,Caswell County
429,22025,Catahoula Parish
430,37035,Catawba County
431,13047,Catoosa County
432,35003,Catron County
433,36009,Cattaraugus County
434,38019,Cavalier County
435,36011,Cayuga County
436,24015,Cecil County
437,29039,Cedar County
438,19031,Cedar County
439,31027,Cedar County
440,42027,Centre County
441,19033,Cerro Gordo County
442,8015,Chaffee County
443,48071,Chambers County
444,1017,Chambers County
445,17019,Champaign County
446,39021,Champaign County
447,29041,Chariton County
448,24017,Charles County
449,51036,Charles City County
450,46023,Charles Mix County
451,45019,Charleston County
452,26029,Charlevoix County
453,12015,Charlotte County
454,51037,Charlotte County
455,51540,Charlottesville city
456,13049,Charlton County
457,31029,Chase County
458,20017,Chase County
459,13051,Chatham County
460,37037,Chatham County
461,13053,Chattahoochee County
462,13055,Chattooga County
463,20019,Chautauqua County
464,36013,Chautauqua County
465,35005,Chaves County
466,47021,Cheatham County
467,26031,Cheboygan County
468,53007,Chelan County
469,36015,Chemung County
470,36017,Chenango County
471,37039,Cherokee County
472,13057,Cherokee County
473,48073,Cherokee County
474,45021,Cherokee County
475,40021,Cherokee County
476,1019,Cherokee County
477,19035,Cherokee County
478,20021,Cherokee County
479,31031,Cherry County
480,51550,Chesapeake city
481,33005,Cheshire County
482,42029,Chester County
483,47023,Chester County
484,45023,Chester County
485,51041,Chesterfield County
486,45025,Chesterfield County
487,8017,Cheyenne County
488,31033,Cheyenne County
489,20023,Cheyenne County
490,19037,Chickasaw County
491,28017,Chickasaw County
492,5017,Chicot County
493,48075,Childress County
494,1021,Chilton County
495,55017,Chippewa County
496,27023,Chippewa County
497,26033,Chippewa County
498,27025,Chisago County
499,50007,Chittenden County
500,40023,Choctaw County
501,1023,Choctaw County
502,28019,Choctaw County
503,30015,Chouteau County
504,37041,Chowan County
505,21047,Christian County
506,29043,Christian County
507,17021,Christian County
508,32001,Churchill County
509,35006,Cibola County
510,40025,Cimarron County
511,12017,Citrus County
512,41005,Clackamas County
513,47025,Claiborne County
514,22027,Claiborne Parish
515,28021,Claiborne County
516,53009,Clallam County
517,26035,Clare County
518,45027,Clarendon County
519,42031,Clarion County
520,39023,Clark County
521,53011,Clark County
522,20025,Clark County
523,46025,Clark County
524,18019,Clark County
525,32003,Clark County
526,5019,Clark County
527,16033,Clark County
528,21049,Clark County
529,29045,Clark County
530,17023,Clark County
531,55019,Clark County
532,13059,Clarke County
533,19039,Clarke County
534,51043,Clarke County
535,1025,Clarke County
536,28023,Clarke County
537,41007,Clatsop County
538,28025,Clay County
539,47027,Clay County
540,27027,Clay County
541,18021,Clay County
542,5021,Clay County
543,20027,Clay County
544,1027,Clay County
545,21051,Clay County
546,54015,Clay County
547,31035,Clay County
548,17025,Clay County
549,19041,Clay County
550,48077,Clay County
551,46027,Clay County
552,12019,Clay County
553,29047,Clay County
554,37043,Clay County
555,13061,Clay County
556,13063,Clayton County
557,19043,Clayton County
558,8019,Clear Creek County
559,42033,Clearfield County
560,27029,Clearwater County
561,16035,Clearwater County
562,5023,Cleburne County
563,1029,Cleburne County
564,39025,Clermont County
565,5025,Cleveland County
566,37045,Cleveland County
567,40027,Cleveland County
568,13065,Clinch County
569,19045,Clinton County
570,18023,Clinton County
571,17027,Clinton County
572,29049,Clinton County
573,39027,Clinton County
574,36019,Clinton County
575,42035,Clinton County
576,26037,Clinton County
577,21053,Clinton County
578,20029,Cloud County
579,28027,Coahoma County
580,40029,Coal County
581,13067,Cobb County
582,4003,Cochise County
583,48079,Cochran County
584,47029,Cocke County
585,4005,Coconino County
586,46029,Codington County
587,47031,Coffee County
588,13069,Coffee County
589,1031,Coffee County
590,20031,Coffey County
591,48081,Coke County
592,1033,Colbert County
593,29051,Cole County
594,48083,Coleman County
595,17029,Coles County
596,35007,Colfax County
597,31037,Colfax County
598,45029,Colleton County
599,12021,Collier County
600,48085,Collin County
601,48087,Collingsworth County
602,51570,Colonial Heights city
603,48089,Colorado County
604,13071,Colquitt County
605,12023,Columbia County
606,41009,Columbia County
607,42037,Columbia County
608,5027,Columbia County
609,53013,Columbia County
610,13073,Columbia County
611,55021,Columbia County
612,36021,Columbia County
613,39029,Columbiana County
614,37047,Columbus County
615,6011,Colusa County
616,48091,Comal County
617,40031,Comanche County
618,20033,Comanche County
619,48093,Comanche County
620,48095,Concho County
621,22029,Concordia Parish
622,1035,Conecuh County
623,8021,Conejos County
624,6013,Contra Costa County
625,56009,Converse County
626,5029,Conway County
627,13075,Cook County
628,17031,Cook County
629,27031,Cook County
630,48097,Cooke County
631,29053,Cooper County
632,33007,Coos County
633,41011,Coos County
634,1037,Coosa County
635,28029,Copiah County
636,46031,Corson County
637,36023,Cortland County
638,48099,Coryell County
639,39031,Coshocton County
640,8023,Costilla County
641,48101,Cottle County
642,40033,Cotton County
643,27033,Cottonwood County
644,51580,Covington city
645,1039,Covington County
646,28031,Covington County
647,13077,Coweta County
648,20035,Cowley County
649,53015,Cowlitz County
650,40035,Craig County
651,51045,Craig County
652,5031,Craighead County
653,48103,Crane County
654,37049,Craven County
655,29055,Crawford County
656,39033,Crawford County
657,26039,Crawford County
658,18025,Crawford County
659,20037,Crawford County
660,42039,Crawford County
661,17033,Crawford County
662,5033,Crawford County
663,55023,Crawford County
664,13079,Crawford County
665,19047,Crawford County
666,40037,Creek County
667,1041,Crenshaw County
668,13081,Crisp County
669,5035,Crittenden County
670,21055,Crittenden County
671,47033,Crockett County
672,48105,Crockett County
673,56011,Crook County
674,41013,Crook County
675,48107,Crosby County
676,5037,Cross County
677,27035,Crow Wing County
678,8025,Crowley County
679,48109,Culberson County
680,1043,Cullman County
681,51047,Culpeper County
682,37051,Cumberland County
683,34011,Cumberland County
684,17035,Cumberland County
685,51049,Cumberland County
686,23005,Cumberland County
687,42041,Cumberland County
688,21057,Cumberland County
689,47035,Cumberland County
690,31039,Cuming County
691,37053,Currituck County
692,35009,Curry County
693,41015,Curry County
694,46033,Custer County
695,30017,Custer County
696,8027,Custer County
697,16037,Custer County
698,40039,Custer County
699,31041,Custer County
700,39035,Cuyahoga County
701,29057,Dade County
702,13083,Dade County
703,49009,Daggett County
704,31043,Dakota County
705,27037,Dakota County
706,1045,Dale County
707,48111,Dallam County
708,1047,Dallas County
709,19049,Dallas County
710,48113,Dallas County
711,5039,Dallas County
712,29059,Dallas County
713,55025,Dane County
714,30019,Daniels County
715,51590,Danville city
716,37055,Dare County
717,39037,Darke County
718,45031,Darlington County
719,42043,Dauphin County
720,47037,Davidson County
721,37057,Davidson County
722,37059,Davie County
723,29061,Daviess County
724,18027,Daviess County
725,21059,Daviess County
726,19051,Davis County
727,49011,Davis County
728,46035,Davison County
729,31045,Dawes County
730,30021,Dawson County
731,13085,Dawson County
732,48115,Dawson County
733,31047,Dawson County
734,46037,Day County
735,35011,De Baca County
736,22031,De Soto Parish
737,17039,De Witt County
738,17037,DeKalb County
739,13089,DeKalb County
740,29063,DeKalb County
741,1049,DeKalb County
742,47041,DeKalb County
743,18033,DeKalb County
744,12027,DeSoto County
745,28033,DeSoto County
746,48123,DeWitt County
747,48117,Deaf Smith County
748,18029,Dearborn County
749,19053,Decatur County
750,47039,Decatur County
751,20039,Decatur County
752,18031,Decatur County
753,13087,Decatur County
754,30023,Deer Lodge County
755,39039,Defiance County
756,6015,Del Norte County
757,40041,Delaware County
758,42045,Delaware County
759,39041,Delaware County
760,19055,Delaware County
761,36025,Delaware County
762,18035,Delaware County
763,26041,Delta County
764,48119,Delta County
765,8029,Delta County
766,2068,Denali Borough
767,29065,Dent County
768,48121,Denton County
769,8031,Denver County
770,19057,Des Moines County
771,41017,Deschutes County
772,5041,Desha County
773,46039,Deuel County
774,31049,Deuel County
775,40043,Dewey County
776,46041,Dewey County
777,48125,Dickens County
778,51051,Dickenson County
779,38021,Dickey County
780,20041,Dickinson County
781,19059,Dickinson County
782,26043,Dickinson County
783,47043,Dickson County
784,2070,Dillingham CA
785,45033,Dillon County
786,48127,Dimmit County
787,51053,Dinwiddie County
788,11001,District of Columbia
789,38023,Divide County
790,12029,Dixie County
791,31051,Dixon County
792,54017,Doddridge County
793,27039,Dodge County
794,13091,Dodge County
795,31053,Dodge County
796,55027,Dodge County
797,8033,Dolores County
798,20043,Doniphan County
799,48129,Donley County
800,13093,Dooly County
801,55029,Door County
802,24019,Dorchester County
803,45035,Dorchester County
804,13095,Dougherty County
805,32005,Douglas County
806,20045,Douglas County
807,29067,Douglas County
808,55031,Douglas County
809,13097,Douglas County
810,46043,Douglas County
811,31055,Douglas County
812,8035,Douglas County
813,17041,Douglas County
814,27041,Douglas County
815,53017,Douglas County
816,41019,Douglas County
817,35013,Dona Ana County
818,5043,Drew County
819,17043,DuPage County
820,18037,Dubois County
821,19061,Dubuque County
822,49013,Duchesne County
823,25007,Dukes County
824,31057,Dundy County
825,29069,Dunklin County
826,55033,Dunn County
827,38025,Dunn County
828,37061,Duplin County
829,37063,Durham County
830,36027,Dutchess County
831,12031,Duval County
832,48131,Duval County
833,47045,Dyer County
834,8037,Eagle County
835,13099,Early County
836,22033,East Baton Rouge Parish
837,22035,East Carroll Parish
838,22037,East Feliciana Parish
839,48133,Eastland County
840,26045,Eaton County
841,55035,Eau Claire County
842,13101,Echols County
843,48135,Ector County
844,35015,Eddy County
845,38027,Eddy County
846,17045,Edgar County
847,37065,Edgecombe County
848,45037,Edgefield County
849,21061,Edmonson County
850,46045,Edmunds County
851,17047,Edwards County
852,48137,Edwards County
853,20047,Edwards County
854,17049,Effingham County
855,13103,Effingham County
856,6017,El Dorado County
857,8041,El Paso County
858,48141,El Paso County
859,8039,Elbert County
860,13105,Elbert County
861,42047,Elk County
862,20049,Elk County
863,18039,Elkhart County
864,32007,Elko County
865,21063,Elliott County
866,40045,Ellis County
867,48139,Ellis County
868,20051,Ellis County
869,20053,Ellsworth County
870,1051,Elmore County
871,16039,Elmore County
872,13107,Emanuel County
873,49015,Emery County
874,26047,Emmet County
875,19063,Emmet County
876,38029,Emmons County
877,51595,Emporia city
878,48143,Erath County
879,39043,Erie County
880,42049,Erie County
881,36029,Erie County
882,1053,Escambia County
883,12033,Escambia County
884,32009,Esmeralda County
885,25009,Essex County
886,50009,Essex County
887,34013,Essex County
888,51057,Essex County
889,36031,Essex County
890,21065,Estill County
891,1055,Etowah County
892,32011,Eureka County
893,22039,Evangeline Parish
894,13109,Evans County
895,2090,Fairbanks North Star Borough
896,51059,Fairfax County
897,51600,Fairfax city
898,45039,Fairfield County
899,39045,Fairfield County
900,9001,Fairfield County
901,46047,Fall River County
902,30025,Fallon County
903,48145,Falls County
904,51610,Falls Church city
905,13111,Fannin County
906,48147,Fannin County
907,27043,Faribault County
908,46049,Faulk County
909,5045,Faulkner County
910,51061,Fauquier County
911,17051,Fayette County
912,54019,Fayette County
913,42051,Fayette County
914,47047,Fayette County
915,39047,Fayette County
916,19065,Fayette County
917,1057,Fayette County
918,48149,Fayette County
919,21067,Fayette County
920,18041,Fayette County
921,13113,Fayette County
922,47049,Fentress County
923,30027,Fergus County
924,53019,Ferry County
925,31059,Fillmore County
926,27045,Fillmore County
927,20055,Finney County
928,48151,Fisher County
929,12035,Flagler County
930,30029,Flathead County
931,21069,Fleming County
932,45041,Florence County
933,55037,Florence County
934,21071,Floyd County
935,19067,Floyd County
936,18043,Floyd County
937,51063,Floyd County
938,48153,Floyd County
939,13115,Floyd County
940,51065,Fluvanna County
941,48155,Foard County
942,55039,Fond du Lac County
943,20057,Ford County
944,17053,Ford County
945,55041,Forest County
946,42053,Forest County
947,28035,Forrest County
948,37067,Forsyth County
949,13117,Forsyth County
950,48157,Fort Bend County
951,38031,Foster County
952,18045,Fountain County
953,53021,Franklin County
954,47051,Franklin County
955,23007,Franklin County
956,21073,Franklin County
957,51620,Franklin city
958,28037,Franklin County
959,29071,Franklin County
960,22041,Franklin Parish
961,13119,Franklin County
962,16041,Franklin County
963,36033,Franklin County
964,20059,Franklin County
965,12037,Franklin County
966,1059,Franklin County
967,39049,Franklin County
968,5047,Franklin County
969,25011,Franklin County
970,37069,Franklin County
971,42055,Franklin County
972,48159,Franklin County
973,50011,Franklin County
974,31061,Franklin County
975,51067,Franklin County
976,19069,Franklin County
977,18047,Franklin County
978,17055,Franklin County
979,24021,Frederick County
980,51069,Frederick County
981,51630,Fredericksburg city
982,27047,Freeborn County
983,48161,Freestone County
984,16043,Fremont County
985,56013,Fremont County
986,19071,Fremont County
987,8043,Fremont County
988,6019,Fresno County
989,48163,Frio County
990,31063,Frontier County
991,39051,Fulton County
992,5049,Fulton County
993,13121,Fulton County
994,42057,Fulton County
995,36035,Fulton County
996,18049,Fulton County
997,21075,Fulton County
998,17057,Fulton County
999,31065,Furnas County
1000,12039,Gadsden County
1001,31067,Gage County
1002,48165,Gaines County
1003,51640,Galax city
1004,30031,Gallatin County
1005,17059,Gallatin County
1006,21077,Gallatin County
1007,39053,Gallia County
1008,48167,Galveston County
1009,31069,Garden County
1010,53023,Garfield County
1011,31071,Garfield County
1012,40047,Garfield County
1013,30033,Garfield County
1014,49017,Garfield County
1015,8045,Garfield County
1016,5051,Garland County
1017,21079,Garrard County
1018,24023,Garrett County
1019,40049,Garvin County
1020,48169,Garza County
1021,29073,Gasconade County
1022,37071,Gaston County
1023,37073,Gates County
1024,20061,Geary County
1025,39055,Geauga County
1026,16045,Gem County
1027,26049,Genesee County
1028,36037,Genesee County
1029,1061,Geneva County
1030,29075,Gentry County
1031,28039,George County
1032,45043,Georgetown County
1033,47053,Gibson County
1034,18051,Gibson County
1035,4007,Gila County
1036,12041,Gilchrist County
1037,51071,Giles County
1038,47055,Giles County
1039,48171,Gillespie County
1040,41021,Gilliam County
1041,54021,Gilmer County
1042,13123,Gilmer County
1043,8047,Gilpin County
1044,30035,Glacier County
1045,12043,Glades County
1046,26051,Gladwin County
1047,13125,Glascock County
1048,48173,Glasscock County
1049,6021,Glenn County
1050,34015,Gloucester County
1051,51073,Gloucester County
1052,13127,Glynn County
1053,26053,Gogebic County
1054,30037,Golden Valley County
1055,38033,Golden Valley County
1056,48175,Goliad County
1057,48177,Gonzales County
1058,51075,Goochland County
1059,27049,Goodhue County
1060,16047,Gooding County
1061,13129,Gordon County
1062,56015,Goshen County
1063,31073,Gosper County
1064,20063,Gove County
1065,40051,Grady County
1066,13131,Grady County
1067,33009,Grafton County
1068,37075,Graham County
1069,4009,Graham County
1070,20065,Graham County
1071,47057,Grainger County
1072,49019,Grand County
1073,8049,Grand County
1074,38035,Grand Forks County
1075,50013,Grand Isle County
1076,26055,Grand Traverse County
1077,30039,Granite County
1078,20067,Grant County
1079,35017,Grant County
1080,31075,Grant County
1081,5053,Grant County
1082,46051,Grant County
1083,41023,Grant County
1084,53025,Grant County
1085,54023,Grant County
1086,55043,Grant County
1087,40053,Grant County
1088,38037,Grant County
1089,21081,Grant County
1090,18053,Grant County
1091,27051,Grant County
1092,22043,Grant Parish
1093,37077,Granville County
1094,26057,Gratiot County
1095,21083,Graves County
1096,20069,Gray County
1097,48179,Gray County
1098,53027,Grays Harbor County
1099,51077,Grayson County
1100,21085,Grayson County
1101,48181,Grayson County
1102,20071,Greeley County
1103,31077,Greeley County
1104,55045,Green County
1105,21087,Green County
1106,55047,Green Lake County
1107,54025,Greenbrier County
1108,5055,Greene County
1109,39057,Greene County
1110,36039,Greene County
1111,37079,Greene County
1112,19073,Greene County
1113,47059,Greene County
1114,51079,Greene County
1115,1063,Greene County
1116,28041,Greene County
1117,13133,Greene County
1118,42059,Greene County
1119,17061,Greene County
1120,18055,Greene County
1121,29077,Greene County
1122,4011,Greenlee County
1123,51081,Greensville County
1124,21089,Greenup County
1125,45045,Greenville County
1126,20073,Greenwood County
1127,45047,Greenwood County
1128,40055,Greer County
1129,48183,Gregg County
1130,46053,Gregory County
1131,28043,Grenada County
1132,38039,Griggs County
1133,48185,Grimes County
1134,19075,Grundy County
1135,29079,Grundy County
1136,17063,Grundy County
1137,47061,Grundy County
1138,48187,Guadalupe County
1139,35019,Guadalupe County
1140,39059,Guernsey County
1141,37081,Guilford County
1142,12045,Gulf County
1143,8051,Gunnison County
1144,19077,Guthrie County
1145,13135,Gwinnett County
1146,46055,Haakon County
1147,13137,Habersham County
1148,2100,Haines Borough
1149,48189,Hale County
1150,1065,Hale County
1151,37083,Halifax County
1152,51083,Halifax County
1153,31079,Hall County
1154,48191,Hall County
1155,13139,Hall County
1156,47063,Hamblen County
1157,12047,Hamilton County
1158,18057,Hamilton County
1159,48193,Hamilton County
1160,39061,Hamilton County
1161,36041,Hamilton County
1162,31081,Hamilton County
1163,17065,Hamilton County
1164,20075,Hamilton County
1165,47065,Hamilton County
1166,19079,Hamilton County
1167,46057,Hamlin County
1168,25013,Hampden County
1169,25015,Hampshire County
1170,54027,Hampshire County
1171,51650,Hampton city
1172,45049,Hampton County
1173,28045,Hancock County
1174,21091,Hancock County
1175,23009,Hancock County
1176,39063,Hancock County
1177,13141,Hancock County
1178,47067,Hancock County
1179,54029,Hancock County
1180,19081,Hancock County
1181,17067,Hancock County
1182,18059,Hancock County
1183,46059,Hand County
1184,51085,Hanover County
1185,48195,Hansford County
1186,46061,Hanson County
1187,13143,Haralson County
1188,12049,Hardee County
1189,48197,Hardeman County
1190,47069,Hardeman County
1191,48199,Hardin County
1192,47071,Hardin County
1193,39065,Hardin County
1194,17069,Hardin County
1195,19083,Hardin County
1196,21093,Hardin County
1197,35021,Harding County
1198,46063,Harding County
1199,54031,Hardy County
1200,24025,Harford County
1201,31083,Harlan County
1202,21095,Harlan County
1203,40057,Harmon County
1204,37085,Harnett County
1205,41025,Harney County
1206,20077,Harper County
1207,40059,Harper County
1208,13145,Harris County
1209,48201,Harris County
1210,18061,Harrison County
1211,28047,Harrison County
1212,48203,Harrison County
1213,19085,Harrison County
1214,29081,Harrison County
1215,39067,Harrison County
1216,21097,Harrison County
1217,54033,Harrison County
1218,51660,Harrisonburg city
1219,13147,Hart County
1220,21099,Hart County
1221,9003,Hartford County
1222,48205,Hartley County
1223,20079,Harvey County
1224,48207,Haskell County
1225,40061,Haskell County
1226,20081,Haskell County
1227,15001,Hawaii County
1228,47073,Hawkins County
1229,31085,Hayes County
1230,48209,Hays County
1231,37087,Haywood County
1232,47075,Haywood County
1233,13149,Heard County
1234,48211,Hemphill County
1235,5057,Hempstead County
1236,47077,Henderson County
1237,17071,Henderson County
1238,37089,Henderson County
1239,21101,Henderson County
1240,48213,Henderson County
1241,18063,Hendricks County
1242,12051,Hendry County
1243,27053,Hennepin County
1244,51087,Henrico County
1245,1067,Henry County
1246,13151,Henry County
1247,17073,Henry County
1248,29083,Henry County
1249,51089,Henry County
1250,39069,Henry County
1251,47079,Henry County
1252,18065,Henry County
1253,21103,Henry County
1254,19087,Henry County
1255,36043,Herkimer County
1256,12053,Hernando County
1257,37091,Hertford County
1258,38041,Hettinger County
1259,21105,Hickman County
1260,47081,Hickman County
1261,29085,Hickory County
1262,48215,Hidalgo County
1263,35023,Hidalgo County
1264,51091,Highland County
1265,39071,Highland County
1266,12055,Highlands County
1267,48217,Hill County
1268,30041,Hill County
1269,12057,Hillsborough County
1270,33011,Hillsborough County
1271,26059,Hillsdale County
1272,28049,Hinds County
1273,8053,Hinsdale County
1274,31087,Hitchcock County
1275,39073,Hocking County
1276,48219,Hockley County
1277,20083,Hodgeman County
1278,37093,Hoke County
1279,28051,Holmes County
1280,39075,Holmes County
1281,12059,Holmes County
1282,29087,Holt County
1283,31089,Holt County
1284,15003,Honolulu County
1285,48221,Hood County
1286,41027,Hood River County
1287,31091,Hooker County
1288,51670,Hopewell city
1289,48223,Hopkins County
1290,21107,Hopkins County
1291,45051,Horry County
1292,5059,Hot Spring County
1293,56017,Hot Springs County
1294,26061,Houghton County
1295,47083,Houston County
1296,48225,Houston County
1297,1069,Houston County
1298,27055,Houston County
1299,13153,Houston County
1300,24027,Howard County
1301,5061,Howard County
1302,19089,Howard County
1303,29089,Howard County
1304,18067,Howard County
1305,31093,Howard County
1306,48227,Howard County
1307,29091,Howell County
1308,27057,Hubbard County
1309,34017,Hudson County
1310,48229,Hudspeth County
1311,8055,Huerfano County
1312,40063,Hughes County
1313,46065,Hughes County
1314,32013,Humboldt County
1315,6023,Humboldt County
1316,19091,Humboldt County
1317,47085,Humphreys County
1318,28053,Humphreys County
1319,48231,Hunt County
1320,34019,Hunterdon County
1321,42061,Huntingdon County
1322,18069,Huntington County
1323,26063,Huron County
1324,39077,Huron County
1325,46067,Hutchinson County
1326,48233,Hutchinson County
1327,46069,Hyde County
1328,37095,Hyde County
1329,22045,Iberia Parish
1330,22047,Iberville Parish
1331,19093,Ida County
1332,16049,Idaho County
1333,6025,Imperial County
1334,5063,Independence County
1335,12061,Indian River County
1336,42063,Indiana County
1337,26065,Ingham County
1338,6027,Inyo County
1339,26067,Ionia County
1340,26069,Iosco County
1341,55049,Iowa County
1342,19095,Iowa County
1343,37097,Iredell County
1344,48235,Irion County
1345,26071,Iron County
1346,29093,Iron County
1347,49021,Iron County
1348,55051,Iron County
1349,17075,Iroquois County
1350,13155,Irwin County
1351,26073,Isabella County
1352,27059,Isanti County
1353,53029,Island County
1354,51093,Isle of Wight County
1355,28055,Issaquena County
1356,27061,Itasca County
1357,28057,Itawamba County
1358,5065,Izard County
1359,48237,Jack County
1360,21109,Jackson County
1361,1071,Jackson County
1362,55053,Jackson County
1363,22049,Jackson Parish
1364,8057,Jackson County
1365,40065,Jackson County
1366,54035,Jackson County
1367,26075,Jackson County
1368,5067,Jackson County
1369,29095,Jackson County
1370,37099,Jackson County
1371,47087,Jackson County
1372,46071,Jackson County
1373,27063,Jackson County
1374,19097,Jackson County
1375,28059,Jackson County
1376,12063,Jackson County
1377,48239,Jackson County
1378,13157,Jackson County
1379,17077,Jackson County
1380,39079,Jackson County
1381,41029,Jackson County
1382,20085,Jackson County
1383,18071,Jackson County
1384,51095,James City County
1385,13159,Jasper County
1386,45053,Jasper County
1387,48241,Jasper County
1388,28061,Jasper County
1389,17079,Jasper County
1390,18073,Jasper County
1391,29097,Jasper County
1392,19099,Jasper County
1393,18075,Jay County
1394,13161,Jeff Davis County
1395,48243,Jeff Davis County
1396,17081,Jefferson County
1397,18077,Jefferson County
1398,28063,Jefferson County
1399,1073,Jefferson County
1400,13163,Jefferson County
1401,12065,Jefferson County
1402,54037,Jefferson County
1403,42065,Jefferson County
1404,47089,Jefferson County
1405,16051,Jefferson County
1406,29099,Jefferson County
1407,36045,Jefferson County
1408,39081,Jefferson County
1409,21111,Jefferson County
1410,31095,Jefferson County
1411,40067,Jefferson County
1412,5069,Jefferson County
1413,20087,Jefferson County
1414,22051,Jefferson Parish
1415,30043,Jefferson County
1416,8059,Jefferson County
1417,48245,Jefferson County
1418,53031,Jefferson County
1419,41031,Jefferson County
1420,55055,Jefferson County
1421,19101,Jefferson County
1422,28065,Jefferson Davis County
1423,22053,Jefferson Davis Parish
1424,13165,Jenkins County
1425,18079,Jennings County
1426,46073,Jerauld County
1427,16053,Jerome County
1428,17083,Jersey County
1429,21113,Jessamine County
1430,20089,Jewell County
1431,48247,Jim Hogg County
1432,48249,Jim Wells County
1433,17085,Jo Daviess County
1434,17087,Johnson County
1435,31097,Johnson County
1436,29101,Johnson County
1437,48251,Johnson County
1438,20091,Johnson County
1439,5071,Johnson County
1440,18081,Johnson County
1441,47091,Johnson County
1442,56019,Johnson County
1443,13167,Johnson County
1444,21115,Johnson County
1445,19103,Johnson County
1446,37101,Johnston County
1447,40069,Johnston County
1448,37103,Jones County
1449,13169,Jones County
1450,48253,Jones County
1451,19105,Jones County
1452,28067,Jones County
1453,46075,Jones County
1454,41033,Josephine County
1455,49023,Juab County
1456,30045,Judith Basin County
1457,2110,Juneau Cty&Bor
1458,55057,Juneau County
1459,42067,Juniata County
1460,26077,Kalamazoo County
1461,26079,Kalkaska County
1462,27065,Kanabec County
1463,54039,Kanawha County
1464,27067,Kandiyohi County
1465,17089,Kane County
1466,49025,Kane County
1467,17091,Kankakee County
1468,48255,Karnes County
1469,15007,Kauai County
1470,48257,Kaufman County
1471,40071,Kay County
1472,31099,Kearney County
1473,20093,Kearny County
1474,31101,Keith County
1475,28069,Kemper County
1476,2122,Kenai Peninsula Borough
1477,17093,Kendall County
1478,48259,Kendall County
1479,48261,Kenedy County
1480,23011,Kennebec County
1481,55059,Kenosha County
1482,48263,Kent County
1483,24029,Kent County
1484,26081,Kent County
1485,10001,Kent County
1486,44003,Kent County
1487,21117,Kenton County
1488,19107,Keokuk County
1489,6029,Kern County
1490,48265,Kerr County
1491,45055,Kershaw County
1492,2130,Ketchikan Gateway Borough
1493,55061,Kewaunee County
1494,26083,Keweenaw County
1495,31103,Keya Paha County
1496,38043,Kidder County
1497,31105,Kimball County
1498,48267,Kimble County
1499,48269,King County
1500,53033,King County
1501,51099,King George County
1502,51101,King William County
1503,51097,King and Queen County
1504,40073,Kingfisher County
1505,20095,Kingman County
1506,36047,Kings County
1507,6031,Kings County
1508,46077,Kingsbury County
1509,48271,Kinney County
1510,20097,Kiowa County
1511,8061,Kiowa County
1512,40075,Kiowa County
1513,8063,Kit Carson County
1514,53035,Kitsap County
1515,53037,Kittitas County
1516,27069,Kittson County
1517,41035,Klamath County
1518,48273,Kleberg County
1519,53039,Klickitat County
1520,21119,Knott County
1521,18083,Knox County
1522,47093,Knox County
1523,29103,Knox County
1524,23013,Knox County
1525,48275,Knox County
1526,31107,Knox County
1527,21121,Knox County
1528,17095,Knox County
1529,39083,Knox County
1530,2150,Kodiak Island Borough
1531,27071,Koochiching County
1532,16055,Kootenai County
1533,18085,Kosciusko County
1534,19109,Kossuth County
1535,55063,La Crosse County
1536,4012,La Paz County
1537,8067,La Plata County
1538,22059,La Salle Parish
1539,48283,La Salle County
1540,18087,LaGrange County
1541,38045,LaMoure County
1542,18091,LaPorte County
1543,17099,LaSalle County
1544,20099,Labette County
1545,27073,Lac qui Parle County
1546,42069,Lackawanna County
1547,29105,Laclede County
1548,29107,Lafayette County
1549,22055,Lafayette Parish
1550,28071,Lafayette County
1551,12067,Lafayette County
1552,55065,Lafayette County
1553,5073,Lafayette County
1554,22057,Lafourche Parish
1555,30047,Lake County
1556,26085,Lake County
1557,12069,Lake County
1558,8065,Lake County
1559,47095,Lake County
1560,6033,Lake County
1561,27075,Lake County
1562,41037,Lake County
1563,46079,Lake County
1564,17097,Lake County
1565,18089,Lake County
1566,39085,Lake County
1567,2164,Lake and Peninsula Borough
1568,27077,Lake of the Woods County
1569,28073,Lamar County
1570,48277,Lamar County
1571,1075,Lamar County
1572,13171,Lamar County
1573,48279,Lamb County
1574,50015,Lamoille County
1575,48281,Lampasas County
1576,45057,Lancaster County
1577,42071,Lancaster County
1578,51103,Lancaster County
1579,31109,Lancaster County
1580,32015,Lander County
1581,20101,Lane County
1582,41039,Lane County
1583,55067,Langlade County
1584,13173,Lanier County
1585,26087,Lapeer County
1586,56021,Laramie County
1587,8069,Larimer County
1588,21123,Larue County
1589,8071,Las Animas County
1590,6035,Lassen County
1591,16057,Latah County
1592,40077,Latimer County
1593,1077,Lauderdale County
1594,28075,Lauderdale County
1595,47097,Lauderdale County
1596,21125,Laurel County
1597,13175,Laurens County
1598,45059,Laurens County
1599,48285,Lavaca County
1600,47099,Lawrence County
1601,46081,Lawrence County
1602,21127,Lawrence County
1603,5075,Lawrence County
1604,18093,Lawrence County
1605,29109,Lawrence County
1606,42073,Lawrence County
1607,39087,Lawrence County
1608,28077,Lawrence County
1609,17101,Lawrence County
1610,1079,Lawrence County
1611,40079,Le Flore County
1612,27079,Le Sueur County
1613,35025,Lea County
1614,28079,Leake County
1615,20103,Leavenworth County
1616,42075,Lebanon County
1617,28081,Lee County
1618,51105,Lee County
1619,48287,Lee County
1620,37105,Lee County
1621,17103,Lee County
1622,19111,Lee County
1623,21129,Lee County
1624,12071,Lee County
1625,13177,Lee County
1626,45061,Lee County
1627,5077,Lee County
1628,1081,Lee County
1629,26089,Leelanau County
1630,28083,Leflore County
1631,42077,Lehigh County
1632,16059,Lemhi County
1633,26091,Lenawee County
1634,37107,Lenoir County
1635,12073,Leon County
1636,48289,Leon County
1637,21131,Leslie County
1638,21133,Letcher County
1639,12075,Levy County
1640,16061,Lewis County
1641,53041,Lewis County
1642,36049,Lewis County
1643,21135,Lewis County
1644,54041,Lewis County
1645,29111,Lewis County
1646,47101,Lewis County
1647,30049,Lewis and Clark County
1648,51678,Lexington city
1649,45063,Lexington County
1650,13179,Liberty County
1651,48291,Liberty County
1652,12077,Liberty County
1653,30051,Liberty County
1654,39089,Licking County
1655,1083,Limestone County
1656,48293,Limestone County
1657,47103,Lincoln County
1658,41041,Lincoln County
1659,29113,Lincoln County
1660,8073,Lincoln County
1661,28085,Lincoln County
1662,16063,Lincoln County
1663,35027,Lincoln County
1664,32017,Lincoln County
1665,54043,Lincoln County
1666,27081,Lincoln County
1667,22061,Lincoln Parish
1668,46083,Lincoln County
1669,13181,Lincoln County
1670,53043,Lincoln County
1671,37109,Lincoln County
1672,20105,Lincoln County
1673,40081,Lincoln County
1674,21137,Lincoln County
1675,56023,Lincoln County
1676,30053,Lincoln County
1677,55069,Lincoln County
1678,31111,Lincoln County
1679,5079,Lincoln County
1680,23015,Lincoln County
1681,19113,Linn County
1682,41043,Linn County
1683,29115,Linn County
1684,20107,Linn County
1685,48295,Lipscomb County
1686,9005,Litchfield County
1687,5081,Little River County
1688,48297,Live Oak County
1689,22063,Livingston Parish
1690,21139,Livingston County
1691,29117,Livingston County
1692,26093,Livingston County
1693,17105,Livingston County
1694,36051,Livingston County
1695,48299,Llano County
1696,31113,Logan County
1697,17107,Logan County
1698,5083,Logan County
1699,21141,Logan County
1700,8075,Logan County
1701,38047,Logan County
1702,54045,Logan County
1703,39091,Logan County
1704,40083,Logan County
1705,20109,Logan County
1706,13183,Long County
1707,5085,Lonoke County
1708,39093,Lorain County
1709,35028,Los Alamos County
1710,6037,Los Angeles County
1711,47105,Loudon County
1712,51107,Loudoun County
1713,19115,Louisa County
1714,51109,Louisa County
1715,31115,Loup County
1716,40085,Love County
1717,48301,Loving County
1718,28087,Lowndes County
1719,13185,Lowndes County
1720,1085,Lowndes County
1721,48303,Lubbock County
1722,39095,Lucas County
1723,19117,Lucas County
1724,26095,Luce County
1725,13187,Lumpkin County
1726,35029,Luna County
1727,51111,Lunenburg County
1728,42079,Luzerne County
1729,42081,Lycoming County
1730,46085,Lyman County
1731,51680,Lynchburg city
1732,48305,Lynn County
1733,32019,Lyon County
1734,19119,Lyon County
1735,21143,Lyon County
1736,27083,Lyon County
1737,20111,Lyon County
1738,26097,Mackinac County
1739,26099,Macomb County
1740,13193,Macon County
1741,17115,Macon County
1742,47111,Macon County
1743,1087,Macon County
1744,29121,Macon County
1745,37113,Macon County
1746,17117,Macoupin County
1747,6039,Madera County
1748,29123,Madison County
1749,21151,Madison County
1750,31119,Madison County
1751,30057,Madison County
1752,19121,Madison County
1753,36053,Madison County
1754,18095,Madison County
1755,16065,Madison County
1756,47113,Madison County
1757,28089,Madison County
1758,13195,Madison County
1759,1089,Madison County
1760,17119,Madison County
1761,12079,Madison County
1762,39097,Madison County
1763,22065,Madison Parish
1764,51113,Madison County
1765,5087,Madison County
1766,48313,Madison County
1767,37115,Madison County
1768,21153,Magoffin County
1769,19123,Mahaska County
1770,27087,Mahnomen County
1771,39099,Mahoning County
1772,40093,Major County
1773,41045,Malheur County
1774,51683,Manassas city
1775,51685,Manassas Park city
1776,12081,Manatee County
1777,26101,Manistee County
1778,55071,Manitowoc County
1779,55073,Marathon County
1780,1091,Marengo County
1781,4013,Maricopa County
1782,29125,Maries County
1783,6041,Marin County
1784,55075,Marinette County
1785,19125,Marion County
1786,39101,Marion County
1787,18097,Marion County
1788,45067,Marion County
1789,5089,Marion County
1790,28091,Marion County
1791,17121,Marion County
1792,48315,Marion County
1793,47115,Marion County
1794,21155,Marion County
1795,54049,Marion County
1796,13197,Marion County
1797,1093,Marion County
1798,12083,Marion County
1799,41047,Marion County
1800,20115,Marion County
1801,29127,Marion County
1802,6043,Mariposa County
1803,45069,Marlboro County
1804,55077,Marquette County
1805,26103,Marquette County
1806,17123,Marshall County
1807,40095,Marshall County
1808,19127,Marshall County
1809,47117,Marshall County
1810,1095,Marshall County
1811,21157,Marshall County
1812,18099,Marshall County
1813,20117,Marshall County
1814,46091,Marshall County
1815,54051,Marshall County
1816,27089,Marshall County
1817,28093,Marshall County
1818,27091,Martin County
1819,37117,Martin County
1820,18101,Martin County
1821,21159,Martin County
1822,48317,Martin County
1823,12085,Martin County
1824,51690,Martinsville city
1825,17125,Mason County
1826,53045,Mason County
1827,21161,Mason County
1828,48319,Mason County
1829,26105,Mason County
1830,54053,Mason County
1831,17127,Massac County
1832,48321,Matagorda County
1833,2170,Matanuska-Susitna Borough
1834,51115,Mathews County
1835,15009,Maui County
1836,47119,Maury County
1837,48323,Maverick County
1838,40097,Mayes County
1839,40087,McClain County
1840,30055,McCone County
1841,46087,McCook County
1842,45065,McCormick County
1843,21145,McCracken County
1844,21147,McCreary County
1845,48307,McCulloch County
1846,40089,McCurtain County
1847,29119,McDonald County
1848,17109,McDonough County
1849,54047,McDowell County
1850,37111,McDowell County
1851,13189,McDuffie County
1852,17111,McHenry County
1853,38049,McHenry County
1854,13191,McIntosh County
1855,40091,McIntosh County
1856,38051,McIntosh County
1857,42083,McKean County
1858,38053,McKenzie County
1859,35031,McKinley County
1860,21149,McLean County
1861,17113,McLean County
1862,38055,McLean County
1863,48309,McLennan County
1864,27085,McLeod County
1865,47107,McMinn County
1866,48311,McMullen County
1867,47109,McNairy County
1868,31117,McPherson County
1869,20113,McPherson County
1870,46089,McPherson County
1871,21163,Meade County
1872,20119,Meade County
1873,46093,Meade County
1874,30059,Meagher County
1875,51117,Mecklenburg County
1876,37119,Mecklenburg County
1877,26107,Mecosta County
1878,48325,Medina County
1879,39103,Medina County
1880,27093,Meeker County
1881,39105,Meigs County
1882,47121,Meigs County
1883,46095,Mellette County
1884,17129,Menard County
1885,48327,Menard County
1886,6045,Mendocino County
1887,21165,Menifee County
1888,55078,Menominee County
1889,26109,Menominee County
1890,6047,Merced County
1891,34021,Mercer County
1892,21167,Mercer County
1893,39107,Mercer County
1894,54055,Mercer County
1895,29129,Mercer County
1896,17131,Mercer County
1897,38057,Mercer County
1898,42085,Mercer County
1899,13199,Meriwether County
1900,31121,Merrick County
1901,33013,Merrimack County
1902,8077,Mesa County
1903,21169,Metcalfe County
1904,39109,Miami County
1905,20121,Miami County
1906,18103,Miami County
1907,12086,Miami-Dade County
1908,51119,Middlesex County
1909,9007,Middlesex County
1910,34023,Middlesex County
1911,25017,Middlesex County
1912,48329,Midland County
1913,26111,Midland County
1914,42087,Mifflin County
1915,48331,Milam County
1916,49027,Millard County
1917,27095,Mille Lacs County
1918,5091,Miller County
1919,13201,Miller County
1920,29131,Miller County
1921,48333,Mills County
1922,19129,Mills County
1923,55079,Milwaukee County
1924,46097,Miner County
1925,54057,Mineral County
1926,32021,Mineral County
1927,30061,Mineral County
1928,8079,Mineral County
1929,54059,Mingo County
1930,16067,Minidoka County
1931,46099,Minnehaha County
1932,26113,Missaukee County
1933,29133,Mississippi County
1934,5093,Mississippi County
1935,30063,Missoula County
1936,13205,Mitchell County
1937,48335,Mitchell County
1938,19131,Mitchell County
1939,37121,Mitchell County
1940,20123,Mitchell County
1941,1097,Mobile County
1942,6049,Modoc County
1943,8081,Moffat County
1944,4015,Mohave County
1945,29135,Moniteau County
1946,34025,Monmouth County
1947,6051,Mono County
1948,19133,Monona County
1949,54061,Monongalia County
1950,28095,Monroe County
1951,17133,Monroe County
1952,26115,Monroe County
1953,54063,Monroe County
1954,21171,Monroe County
1955,19135,Monroe County
1956,42089,Monroe County
1957,36055,Monroe County
1958,5095,Monroe County
1959,39111,Monroe County
1960,55081,Monroe County
1961,18105,Monroe County
1962,13207,Monroe County
1963,29137,Monroe County
1964,12087,Monroe County
1965,47123,Monroe County
1966,1099,Monroe County
1967,48337,Montague County
1968,26117,Montcalm County
1969,6053,Monterey County
1970,8083,Montezuma County
1971,37123,Montgomery County
1972,28097,Montgomery County
1973,19137,Montgomery County
1974,42091,Montgomery County
1975,48339,Montgomery County
1976,5097,Montgomery County
1977,20125,Montgomery County
1978,21173,Montgomery County
1979,1101,Montgomery County
1980,51121,Montgomery County
1981,39113,Montgomery County
1982,29139,Montgomery County
1983,47125,Montgomery County
1984,13209,Montgomery County
1985,18107,Montgomery County
1986,17135,Montgomery County
1987,36057,Montgomery County
1988,24031,Montgomery County
1989,26119,Montmorency County
1990,42093,Montour County
1991,8085,Montrose County
1992,46101,Moody County
1993,48341,Moore County
1994,37125,Moore County
1995,47127,Moore County
1996,35033,Mora County
1997,22067,Morehouse Parish
1998,54065,Morgan County
1999,17137,Morgan County
2000,13211,Morgan County
2001,21175,Morgan County
2002,18109,Morgan County
2003,39115,Morgan County
2004,49029,Morgan County
2005,29141,Morgan County
2006,8087,Morgan County
2007,1103,Morgan County
2008,47129,Morgan County
2009,31123,Morrill County
2010,34027,Morris County
2011,48343,Morris County
2012,20127,Morris County
2013,27097,Morrison County
2014,41049,Morrow County
2015,39117,Morrow County
2016,38059,Morton County
2017,20129,Morton County
2018,48345,Motley County
2019,17139,Moultrie County
2020,38061,Mountrail County
2021,27099,Mower County
2022,21177,Muhlenberg County
2023,41051,Multnomah County
2024,40099,Murray County
2025,27101,Murray County
2026,13213,Murray County
2027,19139,Muscatine County
2028,13215,Muscogee County
2029,26121,Muskegon County
2030,39119,Muskingum County
2031,40101,Muskogee County
2032,30065,Musselshell County
2033,48347,Nacogdoches County
2034,31125,Nance County
2035,25019,Nantucket County
2036,6055,Napa County
2037,37127,Nash County
2038,36059,Nassau County
2039,12089,Nassau County
2040,22069,Natchitoches Parish
2041,56025,Natrona County
2042,4017,Navajo County
2043,48349,Navarro County
2044,51125,Nelson County
2045,38063,Nelson County
2046,21179,Nelson County
2047,20131,Nemaha County
2048,31127,Nemaha County
2049,20133,Neosho County
2050,28099,Neshoba County
2051,20135,Ness County
2052,5099,Nevada County
2053,6057,Nevada County
2054,10003,New Castle County
2055,37129,New Hanover County
2056,9009,New Haven County
2057,51127,New Kent County
2058,9011,New London County
2059,29143,New Madrid County
2060,36061,New York County
2061,26123,Newaygo County
2062,45071,Newberry County
2063,44005,Newport County
2064,51700,Newport News city
2065,29145,Newton County
2066,28101,Newton County
2067,18111,Newton County
2068,13217,Newton County
2069,5101,Newton County
2070,48351,Newton County
2071,16069,Nez Perce County
2072,36063,Niagara County
2073,21181,Nicholas County
2074,54067,Nicholas County
2075,27103,Nicollet County
2076,56027,Niobrara County
2077,18113,Noble County
2078,40103,Noble County
2079,39121,Noble County
2080,27105,Nobles County
2081,29147,Nodaway County
2082,48353,Nolan County
2083,2180,Nome CA
2084,25021,Norfolk County
2085,51710,Norfolk city
2086,27107,Norman County
2087,2185,North Slope Borough
2088,42095,Northampton County
2089,51131,Northampton County
2090,37131,Northampton County
2091,42097,Northumberland County
2092,51133,Northumberland County
2093,2188,Northwest Arctic Borough
2094,51720,Norton city
2095,20137,Norton County
2096,51135,Nottoway County
2097,40105,Nowata County
2098,28103,Noxubee County
2099,31129,Nuckolls County
2100,48355,Nueces County
2101,32023,Nye County
2102,19141,O'Brien County
2103,26125,Oakland County
2104,47131,Obion County
2105,34029,Ocean County
2106,26127,Oceana County
2107,48357,Ochiltree County
2108,13219,Oconee County
2109,45073,Oconee County
2110,55083,Oconto County
2111,26129,Ogemaw County
2112,17141,Ogle County
2113,13221,Oglethorpe County
2114,54069,Ohio County
2115,18115,Ohio County
2116,21183,Ohio County
2117,12091,Okaloosa County
2118,53047,Okanogan County
2119,12093,Okeechobee County
2120,40107,Okfuskee County
2121,40109,Oklahoma County
2122,40111,Okmulgee County
2123,28105,Oktibbeha County
2124,48359,Oldham County
2125,21185,Oldham County
2126,38065,Oliver County
2127,27109,Olmsted County
2128,36065,Oneida County
2129,55085,Oneida County
2130,16071,Oneida County
2131,36067,Onondaga County
2132,37133,Onslow County
2133,36069,Ontario County
2134,26131,Ontonagon County
2135,50017,Orange County
2136,12095,Orange County
2137,48361,Orange County
2138,36071,Orange County
2139,51137,Orange County
2140,37135,Orange County
2141,18117,Orange County
2142,6059,Orange County
2143,45075,Orangeburg County
2144,29149,Oregon County
2145,50019,Orleans County
2146,36073,Orleans County
2147,22071,Orleans Parish
2148,20139,Osage County
2149,40113,Osage County
2150,29151,Osage County
2151,20141,Osborne County
2152,26133,Osceola County
2153,12097,Osceola County
2154,19143,Osceola County
2155,26135,Oscoda County
2156,36075,Oswego County
2157,35035,Otero County
2158,8089,Otero County
2159,31131,Otoe County
2160,26137,Otsego County
2161,36077,Otsego County
2162,26139,Ottawa County
2163,40115,Ottawa County
2164,39123,Ottawa County
2165,20143,Ottawa County
2166,27111,Otter Tail County
2167,22073,Ouachita Parish
2168,5103,Ouachita County
2169,8091,Ouray County
2170,55087,Outagamie County
2171,47133,Overton County
2172,18119,Owen County
2173,21187,Owen County
2174,21189,Owsley County
2175,16073,Owyhee County
2176,23017,Oxford County
2177,29153,Ozark County
2178,55089,Ozaukee County
2179,53049,Pacific County
2180,19145,Page County
2181,51139,Page County
2182,12099,Palm Beach County
2183,19147,Palo Alto County
2184,48363,Palo Pinto County
2185,37137,Pamlico County
2186,28107,Panola County
2187,48365,Panola County
2188,56029,Park County
2189,30067,Park County
2190,8093,Park County
2191,18121,Parke County
2192,48367,Parker County
2193,48369,Parmer County
2194,12101,Pasco County
2195,37139,Pasquotank County
2196,34031,Passaic County
2197,51141,Patrick County
2198,13223,Paulding County
2199,39125,Paulding County
2200,31133,Pawnee County
2201,20145,Pawnee County
2202,40117,Pawnee County
2203,16075,Payette County
2204,40119,Payne County
2205,13225,Peach County
2206,28109,Pearl River County
2207,48371,Pecos County
2208,38067,Pembina County
2209,29155,Pemiscot County
2210,53051,Pend Oreille County
2211,37141,Pender County
2212,54071,Pendleton County
2213,21191,Pendleton County
2214,46103,Pennington County
2215,27113,Pennington County
2216,23019,Penobscot County
2217,17143,Peoria County
2218,55091,Pepin County
2219,46105,Perkins County
2220,31135,Perkins County
2221,37143,Perquimans County
2222,5105,Perry County
2223,18123,Perry County
2224,17145,Perry County
2225,42099,Perry County
2226,21193,Perry County
2227,39127,Perry County
2228,1105,Perry County
2229,28111,Perry County
2230,29157,Perry County
2231,47135,Perry County
2232,32027,Pershing County
2233,37145,Person County
2234,51730,Petersburg city
2235,30069,Petroleum County
2236,29159,Pettis County
2237,29161,Phelps County
2238,31137,Phelps County
2239,42101,Philadelphia County
2240,8095,Phillips County
2241,30071,Phillips County
2242,5107,Phillips County
2243,20147,Phillips County
2244,17147,Piatt County
2245,39129,Pickaway County
2246,45077,Pickens County
2247,13227,Pickens County
2248,1107,Pickens County
2249,47137,Pickett County
2250,13229,Pierce County
2251,31139,Pierce County
2252,38069,Pierce County
2253,55093,Pierce County
2254,53053,Pierce County
2255,18125,Pike County
2256,21195,Pike County
2257,39131,Pike County
2258,1109,Pike County
2259,42103,Pike County
2260,29163,Pike County
2261,28113,Pike County
2262,5109,Pike County
2263,13231,Pike County
2264,17149,Pike County
2265,4019,Pima County
2266,4021,Pinal County
2267,27115,Pine County
2268,12103,Pinellas County
2269,27117,Pipestone County
2270,23021,Piscataquis County
2271,8097,Pitkin County
2272,37147,Pitt County
2273,40121,Pittsburg County
2274,51143,Pittsylvania County
2275,49031,Piute County
2276,6061,Placer County
2277,22075,Plaquemines Parish
2278,29165,Platte County
2279,56031,Platte County
2280,31141,Platte County
2281,54073,Pleasants County
2282,6063,Plumas County
2283,19149,Plymouth County
2284,25023,Plymouth County
2285,54075,Pocahontas County
2286,19151,Pocahontas County
2287,5111,Poinsett County
2288,22077,Pointe Coupee Parish
2289,5113,Polk County
2290,37149,Polk County
2291,47139,Polk County
2292,41053,Polk County
2293,13233,Polk County
2294,12105,Polk County
2295,27119,Polk County
2296,48373,Polk County
2297,31143,Polk County
2298,19153,Polk County
2299,29167,Polk County
2300,55095,Polk County
2301,30073,Pondera County
2302,40123,Pontotoc County
2303,28115,Pontotoc County
2304,5115,Pope County
2305,17151,Pope County
2306,27121,Pope County
2307,51735,Poquoson city
2308,39133,Portage County
2309,55097,Portage County
2310,18127,Porter County
2311,51740,Portsmouth city
2312,18129,Posey County
2313,40125,Pottawatomie County
2314,20149,Pottawatomie County
2315,19155,Pottawattamie County
2316,42105,Potter County
2317,46107,Potter County
2318,48375,Potter County
2319,30075,Powder River County
2320,30077,Powell County
2321,21197,Powell County
2322,16077,Power County
2323,19157,Poweshiek County
2324,51145,Powhatan County
2325,30079,Prairie County
2326,5117,Prairie County
2327,20151,Pratt County
2328,39135,Preble County
2329,28117,Prentiss County
2330,48377,Presidio County
2331,26141,Presque Isle County
2332,54077,Preston County
2333,55099,Price County
2334,51147,Prince Edward County
2335,51149,Prince George County
2336,24033,Prince George's County
2337,51153,Prince William County
2338,44007,Providence County
2339,8099,Prowers County
2340,8101,Pueblo County
2341,5119,Pulaski County
2342,17153,Pulaski County
2343,18131,Pulaski County
2344,29169,Pulaski County
2345,13235,Pulaski County
2346,51155,Pulaski County
2347,21199,Pulaski County
2348,40127,Pushmataha County
2349,39137,Putnam County
2350,13237,Putnam County
2351,12107,Putnam County
2352,36079,Putnam County
2353,54079,Putnam County
2354,18133,Putnam County
2355,29171,Putnam County
2356,47141,Putnam County
2357,17155,Putnam County
2358,35037,Quay County
2359,24035,Queen Anne's County
2360,36081,Queens County
2361,13239,Quitman County
2362,28119,Quitman County
2363,13241,Rabun County
2364,55101,Racine County
2365,51750,Radford city
2366,48379,Rains County
2367,54081,Raleigh County
2368,29173,Ralls County
2369,27123,Ramsey County
2370,38071,Ramsey County
2371,48381,Randall County
2372,54083,Randolph County
2373,1111,Randolph County
2374,5121,Randolph County
2375,17157,Randolph County
2376,13243,Randolph County
2377,18135,Randolph County
2378,29175,Randolph County
2379,37151,Randolph County
2380,28121,Rankin County
2381,38073,Ransom County
2382,22079,Rapides Parish
2383,51157,Rappahannock County
2384,30081,Ravalli County
2385,20153,Rawlins County
2386,29177,Ray County
2387,48383,Reagan County
2388,48385,Real County
2389,27125,Red Lake County
2390,22081,Red River Parish
2391,48387,Red River County
2392,31145,Red Willow County
2393,27127,Redwood County
2394,48389,Reeves County
2395,48391,Refugio County
2396,20155,Reno County
2397,36083,Rensselaer County
2398,38075,Renville County
2399,27129,Renville County
2400,20157,Republic County
2401,29179,Reynolds County
2402,47143,Rhea County
2403,27131,Rice County
2404,20159,Rice County
2405,49033,Rich County
2406,31147,Richardson County
2407,45079,Richland County
2408,17159,Richland County
2409,30083,Richland County
2410,39139,Richland County
2411,38077,Richland County
2412,55103,Richland County
2413,22083,Richland Parish
2414,51760,Richmond city
2415,37153,Richmond County
2416,36085,Richmond County
2417,13245,Richmond County
2418,51159,Richmond County
2419,20161,Riley County
2420,19159,Ringgold County
2421,35039,Rio Arriba County
2422,8103,Rio Blanco County
2423,8105,Rio Grande County
2424,29181,Ripley County
2425,18137,Ripley County
2426,54085,Ritchie County
2427,6065,Riverside County
2428,47145,Roane County
2429,54087,Roane County
2430,51161,Roanoke County
2431,51770,Roanoke city
2432,46109,Roberts County
2433,48393,Roberts County
2434,47147,Robertson County
2435,21201,Robertson County
2436,48395,Robertson County
2437,37155,Robeson County
2438,55105,Rock County
2439,31149,Rock County
2440,27133,Rock County
2441,17161,Rock Island County
2442,51163,Rockbridge County
2443,21203,Rockcastle County
2444,13247,Rockdale County
2445,37157,Rockingham County
2446,51165,Rockingham County
2447,33015,Rockingham County
2448,36087,Rockland County
2449,48397,Rockwall County
2450,40129,Roger Mills County
2451,40131,Rogers County
2452,38079,Rolette County
2453,20163,Rooks County
2454,35041,Roosevelt County
2455,30085,Roosevelt County
2456,26143,Roscommon County
2457,27135,Roseau County
2458,30087,Rosebud County
2459,39141,Ross County
2460,8107,Routt County
2461,21205,Rowan County
2462,37159,Rowan County
2463,48399,Runnels County
2464,18139,Rush County
2465,20165,Rush County
2466,48401,Rusk County
2467,55107,Rusk County
2468,51167,Russell County
2469,1113,Russell County
2470,21207,Russell County
2471,20167,Russell County
2472,47149,Rutherford County
2473,37161,Rutherford County
2474,50021,Rutland County
2475,48403,Sabine County
2476,22085,Sabine Parish
2477,19161,Sac County
2478,6067,Sacramento County
2479,23023,Sagadahoc County
2480,26145,Saginaw County
2481,8109,Saguache County
2482,34033,Salem County
2483,51775,Salem city
2484,5125,Saline County
2485,17165,Saline County
2486,31151,Saline County
2487,20169,Saline County
2488,29195,Saline County
2489,49035,Salt Lake County
2490,45081,Saluda County
2491,37163,Sampson County
2492,48405,San Augustine County
2493,6069,San Benito County
2494,6071,San Bernardino County
2495,6073,San Diego County
2496,6075,San Francisco County
2497,48407,San Jacinto County
2498,6077,San Joaquin County
2499,53055,San Juan County
2500,49037,San Juan County
2501,8111,San Juan County
2502,35045,San Juan County
2503,6079,San Luis Obispo County
2504,6081,San Mateo County
2505,35047,San Miguel County
2506,8113,San Miguel County
2507,48409,San Patricio County
2508,48411,San Saba County
2509,46111,Sanborn County
2510,30089,Sanders County
2511,35043,Sandoval County
2512,39143,Sandusky County
2513,17167,Sangamon County
2514,26151,Sanilac County
2515,49039,Sanpete County
2516,6083,Santa Barbara County
2517,6085,Santa Clara County
2518,6087,Santa Cruz County
2519,4023,Santa Cruz County
2520,35049,Santa Fe County
2521,12113,Santa Rosa County
2522,12115,Sarasota County
2523,36091,Saratoga County
2524,38081,Sargent County
2525,31153,Sarpy County
2526,55111,Sauk County
2527,31155,Saunders County
2528,55113,Sawyer County
2529,36093,Schenectady County
2530,48413,Schleicher County
2531,13249,Schley County
2532,36095,Schoharie County
2533,26153,Schoolcraft County
2534,29197,Schuyler County
2535,36097,Schuyler County
2536,17169,Schuyler County
2537,42107,Schuylkill County
2538,39145,Scioto County
2539,37165,Scotland County
2540,29199,Scotland County
2541,18143,Scott County
2542,20171,Scott County
2543,19163,Scott County
2544,21209,Scott County
2545,28123,Scott County
2546,47151,Scott County
2547,29201,Scott County
2548,27139,Scott County
2549,17171,Scott County
2550,51169,Scott County
2551,5127,Scott County
2552,31157,Scotts Bluff County
2553,13251,Screven County
2554,48415,Scurry County
2555,5129,Searcy County
2556,5131,Sebastian County
2557,8115,Sedgwick County
2558,20173,Sedgwick County
2559,13253,Seminole County
2560,40133,Seminole County
2561,12117,Seminole County
2562,39147,Seneca County
2563,36099,Seneca County
2564,47153,Sequatchie County
2565,40135,Sequoyah County
2566,5133,Sevier County
2567,49041,Sevier County
2568,47155,Sevier County
2569,20175,Seward County
2570,31159,Seward County
2571,48417,Shackelford County
2572,29203,Shannon County
2573,46113,Shannon County
2574,28125,Sharkey County
2575,5135,Sharp County
2576,6089,Shasta County
2577,55115,Shawano County
2578,20177,Shawnee County
2579,55117,Sheboygan County
2580,39149,Shelby County
2581,18145,Shelby County
2582,47157,Shelby County
2583,19165,Shelby County
2584,48419,Shelby County
2585,17173,Shelby County
2586,29205,Shelby County
2587,21211,Shelby County
2588,1117,Shelby County
2589,51171,Shenandoah County
2590,27141,Sherburne County
2591,56033,Sheridan County
2592,20179,Sheridan County
2593,31161,Sheridan County
2594,38083,Sheridan County
2595,30091,Sheridan County
2596,31163,Sherman County
2597,20181,Sherman County
2598,41055,Sherman County
2599,48421,Sherman County
2600,26155,Shiawassee County
2601,16079,Shoshone County
2602,27143,Sibley County
2603,35051,Sierra County
2604,6091,Sierra County
2605,30093,Silver Bow County
2606,28127,Simpson County
2607,21213,Simpson County
2608,38085,Sioux County
2609,31165,Sioux County
2610,19167,Sioux County
2611,6093,Siskiyou County
2612,2220,Sitka Cty&Bor
2613,53057,Skagit County
2614,53059,Skamania County
2615,38087,Slope County
2616,47159,Smith County
2617,28129,Smith County
2618,48423,Smith County
2619,20183,Smith County
2620,51173,Smyth County
2621,53061,Snohomish County
2622,42109,Snyder County
2623,35053,Socorro County
2624,6095,Solano County
2625,34035,Somerset County
2626,23025,Somerset County
2627,42111,Somerset County
2628,24039,Somerset County
2629,48425,Somervell County
2630,6097,Sonoma County
2631,51175,Southampton County
2632,2240,Southeast Fairbanks CA
2633,13255,Spalding County
2634,45083,Spartanburg County
2635,21215,Spencer County
2636,18147,Spencer County
2637,46115,Spink County
2638,53063,Spokane County
2639,51177,Spotsylvania County
2640,22087,St. Bernard Parish
2641,29183,St. Charles County
2642,22089,St. Charles Parish
2643,29185,St. Clair County
2644,1115,St. Clair County
2645,17163,St. Clair County
2646,26147,St. Clair County
2647,55109,St. Croix County
2648,5123,St. Francis County
2649,29187,St. Francois County
2650,22091,St. Helena Parish
2651,22093,St. James Parish
2652,22095,St. John the Baptist Parish
2653,12109,St. Johns County
2654,26149,St. Joseph County
2655,18141,St. Joseph County
2656,22097,St. Landry Parish
2657,36089,St. Lawrence County
2658,29510,St. Louis city
2659,27137,St. Louis County
2660,29189,St. Louis County
2661,12111,St. Lucie County
2662,22099,St. Martin Parish
2663,22101,St. Mary Parish
2664,24037,St. Mary's County
2665,22103,St. Tammany Parish
2666,20185,Stafford County
2667,51179,Stafford County
2668,6099,Stanislaus County
2669,46117,Stanley County
2670,37167,Stanly County
2671,31167,Stanton County
2672,20187,Stanton County
2673,17175,Stark County
2674,39151,Stark County
2675,38089,Stark County
2676,18149,Starke County
2677,48427,Starr County
2678,51790,Staunton city
2679,29186,Ste. Genevieve County
2680,27145,Stearns County
2681,38091,Steele County
2682,27147,Steele County
2683,13257,Stephens County
2684,48429,Stephens County
2685,40137,Stephens County
2686,17177,Stephenson County
2687,48431,Sterling County
2688,18151,Steuben County
2689,36101,Steuben County
2690,27149,Stevens County
2691,20189,Stevens County
2692,53065,Stevens County
2693,13259,Stewart County
2694,47161,Stewart County
2695,30095,Stillwater County
2696,29207,Stoddard County
2697,37169,Stokes County
2698,28131,Stone County
2699,5137,Stone County
2700,29209,Stone County
2701,48433,Stonewall County
2702,32029,Storey County
2703,19169,Story County
2704,33017,Strafford County
2705,38093,Stutsman County
2706,56035,Sublette County
2707,25025,Suffolk County
2708,51800,Suffolk city
2709,36103,Suffolk County
2710,18153,Sullivan County
2711,36105,Sullivan County
2712,33019,Sullivan County
2713,47163,Sullivan County
2714,42113,Sullivan County
2715,29211,Sullivan County
2716,46119,Sully County
2717,54089,Summers County
2718,49043,Summit County
2719,8117,Summit County
2720,39153,Summit County
2721,47165,Sumner County
2722,20191,Sumner County
2723,13261,Sumter County
2724,1119,Sumter County
2725,12119,Sumter County
2726,45085,Sumter County
2727,28133,Sunflower County
2728,37171,Surry County
2729,51181,Surry County
2730,42115,Susquehanna County
2731,34037,Sussex County
2732,10005,Sussex County
2733,51183,Sussex County
2734,6101,Sutter County
2735,48435,Sutton County
2736,12121,Suwannee County
2737,37173,Swain County
2738,30097,Sweet Grass County
2739,56037,Sweetwater County
2740,27151,Swift County
2741,48437,Swisher County
2742,18155,Switzerland County
2743,24041,Talbot County
2744,13263,Talbot County
2745,13265,Taliaferro County
2746,1121,Talladega County
2747,28135,Tallahatchie County
2748,1123,Tallapoosa County
2749,19171,Tama County
2750,29213,Taney County
2751,22105,Tangipahoa Parish
2752,35055,Taos County
2753,48439,Tarrant County
2754,28137,Tate County
2755,13267,Tattnall County
2756,54091,Taylor County
2757,55119,Taylor County
2758,19173,Taylor County
2759,12123,Taylor County
2760,13269,Taylor County
2761,21217,Taylor County
2762,48441,Taylor County
2763,17179,Tazewell County
2764,51185,Tazewell County
2765,6103,Tehama County
2766,13271,Telfair County
2767,8119,Teller County
2768,22107,Tensas Parish
2769,22109,Terrebonne Parish
2770,48443,Terrell County
2771,13273,Terrell County
2772,48445,Terry County
2773,30099,Teton County
2774,56039,Teton County
2775,16081,Teton County
2776,29215,Texas County
2777,40139,Texas County
2778,31169,Thayer County
2779,13275,Thomas County
2780,31171,Thomas County
2781,20193,Thomas County
2782,48447,Throckmorton County
2783,53067,Thurston County
2784,31173,Thurston County
2785,13277,Tift County
2786,41057,Tillamook County
2787,40141,Tillman County
2788,42117,Tioga County
2789,36107,Tioga County
2790,28139,Tippah County
2791,18157,Tippecanoe County
2792,47167,Tipton County
2793,18159,Tipton County
2794,28141,Tishomingo County
2795,48449,Titus County
2796,46121,Todd County
2797,21219,Todd County
2798,27153,Todd County
2799,9013,Tolland County
2800,48451,Tom Green County
2801,36109,Tompkins County
2802,49045,Tooele County
2803,30101,Toole County
2804,13279,Toombs County
2805,35057,Torrance County
2806,38095,Towner County
2807,13281,Towns County
2808,38097,Traill County
2809,37175,Transylvania County
2810,27155,Traverse County
2811,48453,Travis County
2812,30103,Treasure County
2813,20195,Trego County
2814,55121,Trempealeau County
2815,13283,Treutlen County
2816,21221,Trigg County
2817,21223,Trimble County
2818,6105,Trinity County
2819,48455,Trinity County
2820,46123,Tripp County
2821,13285,Troup County
2822,47169,Trousdale County
2823,39155,Trumbull County
2824,54093,Tucker County
2825,6107,Tulare County
2826,40143,Tulsa County
2827,28143,Tunica County
2828,6109,Tuolumne County
2829,46125,Turner County
2830,13287,Turner County
2831,1125,Tuscaloosa County
2832,39157,Tuscarawas County
2833,26157,Tuscola County
2834,13289,Twiggs County
2835,16083,Twin Falls County
2836,54095,Tyler County
2837,48457,Tyler County
2838,37177,Tyrrell County
2839,56041,Uinta County
2840,49047,Uintah County
2841,36111,Ulster County
2842,41059,Umatilla County
2843,47171,Unicoi County
2844,39159,Union County
2845,17181,Union County
2846,13291,Union County
2847,35059,Union County
2848,42119,Union County
2849,19175,Union County
2850,18161,Union County
2851,12125,Union County
2852,22111,Union Parish
2853,34039,Union County
2854,46127,Union County
2855,45087,Union County
2856,37179,Union County
2857,28145,Union County
2858,5139,Union County
2859,41061,Union County
2860,21225,Union County
2861,47173,Union County
2862,54097,Upshur County
2863,48459,Upshur County
2864,13293,Upson County
2865,48461,Upton County
2866,49049,Utah County
2867,48463,Uvalde County
2868,48465,Val Verde County
2869,2261,Valdez-Cordova CA
2870,35061,Valencia County
2871,31175,Valley County
2872,16085,Valley County
2873,30105,Valley County
2874,47175,Van Buren County
2875,19177,Van Buren County
2876,26159,Van Buren County
2877,5141,Van Buren County
2878,39161,Van Wert County
2879,48467,Van Zandt County
2880,37181,Vance County
2881,18163,Vanderburgh County
2882,42121,Venango County
2883,6111,Ventura County
2884,17183,Vermilion County
2885,22113,Vermilion Parish
2886,18165,Vermillion County
2887,55123,Vernon County
2888,22115,Vernon Parish
2889,29217,Vernon County
2890,48469,Victoria County
2891,18167,Vigo County
2892,55125,Vilas County
2893,39163,Vinton County
2894,51810,Virginia Beach city
2895,12127,Volusia County
2896,17185,Wabash County
2897,18169,Wabash County
2898,27157,Wabasha County
2899,20197,Wabaunsee County
2900,2270,Wade Hampton CA
2901,27159,Wadena County
2902,40145,Wagoner County
2903,53069,Wahkiakum County
2904,37183,Wake County
2905,12129,Wakulla County
2906,23027,Waldo County
2907,13295,Walker County
2908,48471,Walker County
2909,1127,Walker County
2910,53071,Walla Walla County
2911,20199,Wallace County
2912,48473,Waller County
2913,41063,Wallowa County
2914,38099,Walsh County
2915,28147,Walthall County
2916,12131,Walton County
2917,13297,Walton County
2918,55127,Walworth County
2919,46129,Walworth County
2920,19179,Wapello County
2921,48475,Ward County
2922,38101,Ward County
2923,13299,Ware County
2924,21227,Warren County
2925,18171,Warren County
2926,29219,Warren County
2927,39165,Warren County
2928,37185,Warren County
2929,42123,Warren County
2930,36113,Warren County
2931,19181,Warren County
2932,13301,Warren County
2933,47177,Warren County
2934,51187,Warren County
2935,28149,Warren County
2936,17187,Warren County
2937,34041,Warren County
2938,18173,Warrick County
2939,49051,Wasatch County
2940,41065,Wasco County
2941,27161,Waseca County
2942,56043,Washakie County
2943,55129,Washburn County
2944,1129,Washington County
2945,28151,Washington County
2946,24043,Washington County
2947,51191,Washington County
2948,13303,Washington County
2949,23029,Washington County
2950,29221,Washington County
2951,18175,Washington County
2952,17189,Washington County
2953,20201,Washington County
2954,41067,Washington County
2955,49053,Washington County
2956,50023,Washington County
2957,22117,Washington Parish
2958,44009,Washington County
2959,40147,Washington County
2960,27163,Washington County
2961,12133,Washington County
2962,8121,Washington County
2963,31177,Washington County
2964,39167,Washington County
2965,21229,Washington County
2966,42125,Washington County
2967,55131,Washington County
2968,48477,Washington County
2969,5143,Washington County
2970,37187,Washington County
2971,36115,Washington County
2972,19183,Washington County
2973,16087,Washington County
2974,47179,Washington County
2975,40149,Washita County
2976,32031,Washoe County
2977,26161,Washtenaw County
2978,37189,Watauga County
2979,27165,Watonwan County
2980,55133,Waukesha County
2981,55135,Waupaca County
2982,55137,Waushara County
2983,26163,Wayne County
2984,21231,Wayne County
2985,47181,Wayne County
2986,39169,Wayne County
2987,29223,Wayne County
2988,42127,Wayne County
2989,18177,Wayne County
2990,31179,Wayne County
2991,37191,Wayne County
2992,13305,Wayne County
2993,28153,Wayne County
2994,54099,Wayne County
2995,17191,Wayne County
2996,49055,Wayne County
2997,19185,Wayne County
2998,36117,Wayne County
2999,51820,Waynesboro city
3000,47183,Weakley County
3001,48479,Webb County
3002,49057,Weber County
3003,13307,Webster County
3004,31181,Webster County
3005,54101,Webster County
3006,29225,Webster County
3007,28155,Webster County
3008,19187,Webster County
3009,21233,Webster County
3010,22119,Webster Parish
3011,8123,Weld County
3012,38103,Wells County
3013,18179,Wells County
3014,22121,West Baton Rouge Parish
3015,22123,West Carroll Parish
3016,22125,West Feliciana Parish
3017,36119,Westchester County
3018,42129,Westmoreland County
3019,51193,Westmoreland County
3020,56045,Weston County
3021,54103,Wetzel County
3022,26165,Wexford County
3023,48481,Wharton County
3024,53073,Whatcom County
3025,30107,Wheatland County
3026,13309,Wheeler County
3027,48483,Wheeler County
3028,41069,Wheeler County
3029,31183,Wheeler County
3030,5145,White County
3031,18181,White County
3032,47185,White County
3033,17193,White County
3034,13311,White County
3035,32033,White Pine County
3036,17195,Whiteside County
3037,13313,Whitfield County
3038,18183,Whitley County
3039,21235,Whitley County
3040,53075,Whitman County
3041,30109,Wibaux County
3042,48485,Wichita County
3043,20203,Wichita County
3044,24045,Wicomico County
3045,48487,Wilbarger County
3046,13315,Wilcox County
3047,1131,Wilcox County
3048,13317,Wilkes County
3049,37193,Wilkes County
3050,27167,Wilkin County
3051,13319,Wilkinson County
3052,28157,Wilkinson County
3053,17197,Will County
3054,48489,Willacy County
3055,39171,Williams County
3056,38105,Williams County
3057,51830,Williamsburg city
3058,45089,Williamsburg County
3059,17199,Williamson County
3060,48491,Williamson County
3061,47187,Williamson County
3062,20205,Wilson County
3063,48493,Wilson County
3064,47189,Wilson County
3065,37195,Wilson County
3066,51840,Winchester city
3067,9015,Windham County
3068,50025,Windham County
3069,50027,Windsor County
3070,48495,Winkler County
3071,22127,Winn Parish
3072,55139,Winnebago County
3073,17201,Winnebago County
3074,19189,Winnebago County
3075,19191,Winneshiek County
3076,27169,Winona County
3077,28159,Winston County
3078,1133,Winston County
3079,54105,Wirt County
3080,48497,Wise County
3081,51195,Wise County
3082,21237,Wolfe County
3083,55141,Wood County
3084,54107,Wood County
3085,39173,Wood County
3086,48499,Wood County
3087,19193,Woodbury County
3088,21239,Woodford County
3089,17203,Woodford County
3090,5147,Woodruff County
3091,40151,Woods County
3092,20207,Woodson County
3093,40153,Woodward County
3094,25027,Worcester County
3095,24047,Worcester County
3096,13321,Worth County
3097,29227,Worth County
3098,19195,Worth County
3099,19197,Wright County
3100,27171,Wright County
3101,29229,Wright County
3102,39175,Wyandot County
3103,20209,Wyandotte County
3104,36121,Wyoming County
3105,42131,Wyoming County
3106,54109,Wyoming County
3107,51197,Wythe County
3108,37197,Yadkin County
3109,53077,Yakima County
3110,2282,Yakutat Cty&Bor
3111,28161,Yalobusha County
3112,41071,Yamhill County
3113,37199,Yancey County
3114,46135,Yankton County
3115,36123,Yates County
3116,4025,Yavapai County
3117,28163,Yazoo County
3118,5149,Yell County
3119,27173,Yellow Medicine County
3120,30111,Yellowstone County
3121,48501,Yoakum County
3122,6113,Yolo County
3123,23031,York County
3124,51199,York County
3125,42133,York County
3126,45091,York County
3127,31185,York County
3128,48503,Young County
3129,6115,Yuba County
3130,2290,Yukon-Koyukuk CA
3131,8125,Yuma County
3132,4027,Yuma County
3133,48505,Zapata County
3134,48507,Zavala County
3135,46137,Ziebach County
